{"cameraMode":{"drawMode":0,"name":"Shaded","section":"Shading Mode"},"sceneLighting":true,"audioPlay":false,"sceneViewState":{"m_AlwaysRefresh":false,"showFog":true,"showSkybox":true,"showFlares":true,"showImageEffects":true,"showParticleSystems":true,"showVisualEffectGraphs":true,"m_FxEnabled":false},"in2DMode":false,"pivot":{"x":0.08013699948787689,"y":8.710558891296387,"z":-2.8662354946136476},"rotation":{"x":0.6004229187965393,"y":-0.07526642829179764,"z":0.0569097101688385,"w":0.7940977215766907},"size":0.8660253882408142,"orthographic":false}